key,url,open
black_vector_research_xr_7b_1991,https://infinityrising.com/store/black-vector-research-xr-7b-1991,true
core_dynamics_hoss_08_helmet,https://infinityrising.com/store/core-dynamics-hoss-08-helmet,true
core_dynamics_hoss_08_heavy_armor,https://infinityrising.com/store/core-dynamics-hoss-08-heavy-armor,true
core_dynamics_hoss_08_boots,https://infinityrising.com/store/core-dynamics-hoss-08-boots,true
core_dynamics_mars_9,https://infinityrising.com/store/core-dynamics-mars-9,true
raven_x_c07_helmet,https://infinityrising.com/store/raven-x-c07-helmet,true
raven_x_c07_suit,https://infinityrising.com/store/raven-x-c07-suit,true
raven_x_c07_shoes,https://infinityrising.com/store/raven-x-c07-shoes,true
jett_industries_elita_ai_drone_companion,https://infinityrising.com/store/jett-industries-elita-ai-drone-companion,true
jett_industries_aeron_ai_drone_companion,https://infinityrising.com/store/jett-industries-aeron-ai-drone-companion,true
kazekura_kiko_drone_companion,https://infinityrising.com/store/kazekura-kiko-drone-companion,true
ren_wear_auralis_bloom_head_piece,https://infinityrising.com/store/ren-wear-auralis-bloom-head-piece,true
ren_wear_auralis_bloom_outfit,https://infinityrising.com/store/ren-wear-auralis-bloom-outfit,true
ren_wear_auralis_bloom_boots,https://infinityrising.com/store/ren-wear-auralis-bloom-boots,true
ravenx_skyangel,https://infinityrising.com/store/ravenx-skyangel,true
ravenx_cloudangel,https://infinityrising.com/store/ravenx-cloudangel,true
nova_pop_bubblecore,https://infinityrising.com/store/nova-pop-bubblecore,true
summer_art_building_kit,https://infinityrising.com/store/summer-art-building-kit,true
luna_di_lusso_bloom_backpack,https://infinityrising.com/store/luna-di-lusso-bloom-backpack,true
corn_cuties_monkey_jet,https://infinityrising.com/store/corn-cuties-monkey-jet,true
raven_x_heavenfall_armor,https://infinityrising.com/store/raven-x-heavenfall-armor,true
raven_x_heavenfall_battle_heels,https://infinityrising.com/store/raven-x-heavenfall-battle-heels,true
raven_x_heavenfall_helmet,https://infinityrising.com/store/raven-x-heavenfall-helmet,true
club_afterhours_building_kit,https://infinityrising.com/store/club-afterhours-building-kit,true
hyperwear_flux_runner_head_band,https://infinityrising.com/store/hyperwear-flux-runner-head-band,true
hyperwear_shoes,https://infinityrising.com/store/hyperwear-flux-runner-shoes,true
superverse_komaru_defense_tiger_m9_s_common,https://infinityrising.com/store/superverse-komaru-defense-tiger-m9-s-common,true
hyperwear_flux_runner_outfit,https://infinityrising.com/store/hyperwear-flux-runner-outfit,true
hyperwear_solara_sunglasses,https://infinityrising.com/store/hyperwear-solara-sunglasses,true
mellowave_solara_bikini,https://infinityrising.com/store/mellowave-solara-bikini,true
mellowave_solara_sandals,https://infinityrising.com/store/mellowave-solara-sandals,true
hyperwear_marino_sunglasses,https://infinityrising.com/store/hyperwear-marino-sunglasses,true
mellowave_marino_swim_shorts,https://infinityrising.com/store/mellowave-marino-swim-shorts,true
mellowave_marino_sandals,https://infinityrising.com/store/mellowave-marino-sandals,true
regiment_cargo_jet_elite,https://infinityrising.com/store/regiment-cargo-jet-elite,true
retro_pop_building_kit,https://infinityrising.com/store/retro-pop-building-kit,true
borne_lee_pr1,https://infinityrising.com/store/borne-lee-pr1,true
neon_vibes_building_kit,https://infinityrising.com/store/neon-vibes-building-kit,true
shuck_gun,https://infinityrising.com/store/shuck-gun,true
quantum_corn,https://infinityrising.com/store/quantum-corn,true
borne_lee_p99,https://infinityrising.com/store/borne-lee-p99,true
modern_log_cabin_apt_building_kit,https://infinityrising.com/store/modern-log-cabin-apartment-building-kit,false
fall_harvest_apt_building_kit,https://infinityrising.com/store/fall-harvest-apartment-building-kit,false
hub_city_apartment,https://infinityrising.com/store/hub-city-apartment,false
blackhorn_tactical_overlander,https://infinityrising.com/store/blackhorn-tactical-overlander,true
asuna_armoury_mordred_mk_ii,https://infinityrising.com/store/asuna-armoury-mordred-mk-ii,true
komaru_defense_tiger_m9,https://infinityrising.com/store/komaru-defense-tiger-m9,true
women_s_pixel_nation_nekobyte_headphones,https://infinityrising.com/store/womens-pixel-nation-nekobyte-headphones,false
women_s_pixel_nation_nekobyte_outfit,https://infinityrising.com/store/womens-pixel-nation-nekobyte-outfit,false
women_s_pixel_nation_nekobyte_shoes,https://infinityrising.com/store/womens-pixel-nation-nekobyte-shoes,false
women_s_pixel_nation_nightbyte_headphones,https://infinityrising.com/store/womens-pixel-nation-nightbyte-headphones,false
women_s_pixel_nation_nightbyte_outfit,https://infinityrising.com/store/womens-pixel-nation-nightbyte-outfit,false
women_s_pixel_nation_nightbyte_shoes,https://infinityrising.com/store/womens-pixel-nation-nightbyte-shoes,false
kargo_express_xl,https://infinityrising.com/store/kargo-express-xl,false
komaru_defense_outlaw,https://infinityrising.com/store/komaru-defense-outlaw,false
komaru_defense_double_dragon,https://infinityrising.com/store/komaru-defense-double-dragon,false
old_world_provisions_trench_12,https://infinityrising.com/store/old-world-provisions-trench-12,false
kazekura_shinobi_x_2025,https://infinityrising.com/store/kazekura-shinobi-x-2025,false
comet_m42_shoes,https://infinityrising.com/store/comet-m42-shoes,false
superverse_komaru_defense_tiger_m9_s,https://infinityrising.com/store/superverse-komaru-defense-tiger-m9-s,false
corn_cuties_white_snow,https://infinityrising.com/store/corn-cuties-white-snow,false
rando_s_metalworks_meat_grinder,https://infinityrising.com/store/randos-metalworks-meat-grinder,false
borne_lee_hg7,https://infinityrising.com/store/borne-lee-hg7,false
men_s_vanguard_scout_outfit,https://infinityrising.com/store/mens-vanguard-scout-outfit,false
men_s_vanguard_scout_boots,https://infinityrising.com/store/mens-vanguard-scout-boots,false
women_s_vanguard_scout_helmet,https://infinityrising.com/store/womens-vanguard-scout-helmet,false
women_s_vanguard_scout_outfit,https://infinityrising.com/store/womens-vanguard-scout-outfit,false
women_s_vanguard_scout_boots,https://infinityrising.com/store/womens-vanguard-scout-boots,false
men_s_vanguard_scout_helmet,https://infinityrising.com/store/mens-vanguard-scout-helmet,false
file_node_access_key_base,https://infinityrising.com/store/file-node-access-key-base,false
file_node_access_key_cardano,https://infinityrising.com/store/file-node-access-key,false
the_messenger_bobblehead_2025,https://infinityrising.com/store/the-messenger-bobblehead-2025,false
revolt_underground_outfit,https://infinityrising.com/store/revolt-underground-bundle,true
revolt_renegade_goggles,https://infinityrising.com/store/revolt-renegade-bundle,true
revolt_renegade_the_dissident,https://infinityrising.com/store/revolt-renegade-bundle,true
revolt_underground_shoes,https://infinityrising.com/store/revolt-underground-bundle,true
revolt_renegade_shoes,https://infinityrising.com/store/revolt-renegade-bundle,true
revolt_renegade_outfit,https://infinityrising.com/store/revolt-renegade-bundle,true
revolt_underground_ras_9,https://infinityrising.com/store/revolt-underground-bundle,true
revolt_underground_hood,https://infinityrising.com/store/revolt-underground-bundle,true
revolt_underground_rigger_s_revolt,https://infinityrising.com/store/revolt-underground-bundle,true
revolt_renegade_rebel_s_rucksack,https://infinityrising.com/store/revolt-renegade-bundle,true
rando_s_metalwork_clanker_ai_drone_companion,https://infinityrising.com/store/ai-drone-companions-founder's-bundle,true
revolt_renegade_rebel_s_reach,https://infinityrising.com/store/revolt-renegade-bundle,true
rando_s_metalworks_the_instigator,https://infinityrising.com/store/revolt-underground-bundle,true
bubblejett_aeroracer,https://infinityrising.com/store/founders-bundle,true
bubblejett_jetmaster_1000,https://infinityrising.com/store/founders-bundle,true
bubblejett_stratolifter,https://infinityrising.com/store/founders-bundle,true
copias_land_plot,https://infinityrising.com/store/founders-bundle,true
core_dynamics_af_88c_drongo_1974,https://infinityrising.com/store/operators-bundle,true
core_dynamics_super_scout,https://infinityrising.com/store/founders-bundle,true
infinity_rising_apartment_key,https://infinityrising.com/store/pathfinder-bundle,true
infinity_rising_apartment_key_x_2,https://infinityrising.com/store/operators-bundle,true
infinity_rising_epic_land_plot,https://infinityrising.com/store/operators-bundle,true
kazekura_blade_hoverbike,https://infinityrising.com/store/founders-bundle,true
lee_c_sar_556,https://infinityrising.com/store/operators-bundle,true
men_s_core_dynamics_mopp_01_elite_boots,https://infinityrising.com/store/operators-bundle,true
men_s_core_dynamics_mopp_01_elite_helmet,https://infinityrising.com/store/operators-bundle,true
men_s_core_dynamics_mopp_01_elite_outfit,https://infinityrising.com/store/operators-bundle,true
men_s_core_dynamics_mopp_01_elite,https://infinityrising.com/store/pathfinder-bundle,true
randos_bassrunner_backpack,https://infinityrising.com/store/founders-bundle,true
two_apartment_keys,https://infinityrising.com/store/founders-bundle,true
women_s_core_dynamics_mopp_01_elite_boots,https://infinityrising.com/store/operators-bundle,true
women_s_core_dynamics_mopp_01_elite_helmet,https://infinityrising.com/store/operators-bundle,true
women_s_core_dynamics_mopp_01_elite_outfit,https://infinityrising.com/store/operators-bundle,true
women_s_core_dynamics_mopp_01_elite,https://infinityrising.com/store/pathfinder-bundle,true
rando_s_metalworks_cloud_barge,https://infinityrising.com/store/operators-bundle,true
rando_s_metalworks_h2_loadrunner,https://infinityrising.com/store/operators-bundle,true
rando_s_metalworks_rugged_m_pack,https://infinityrising.com/store/operators-bundle,true
rando_s_metalworks_thrust_commander,https://infinityrising.com/store/operators-bundle,true
bubblejett_prima_1938,https://infinityrising.com/store/founders-bundle,true
core_dynamics_meridian_c7_2026,https://infinityrising.com/store/pathfinder-bundle,true
gti_vesper_1999,https://infinityrising.com/store/pathfinder-bundle,true
core_dynamics_cdx_9_blackline,https://infinityrising.com/store/pathfinder-bundle,true
core_dynamics_spaceworx,https://infinityrising.com/store/pathfinder-bundle,true
gti_canyon_2026,https://infinityrising.com/store/pathfinder-bundle,true
